"","Name","ID","Area","Hotel_Name","Total_rooms","Num_persons","TIKINA","ADM1_NAME","area","Area.1"
"23","Beach Cocomo Lodge, Navoto, Sovi Bay,Baravi",28,"SIGATOKA/ NADROGA (Group 5)","Beach Cocomo Lodge, Navoto, Sovi Bay,Baravi",3,10,"Baravi","Western Division",445408356.903944,"Coral Coast"
"24","Coral Lagoon Fiji Resort ,Naibale,Korolevu ",29,"SIGATOKA/ NADROGA (Group 5)","Coral Lagoon Fiji  Resort ,Naibale,Korolevu ",7,21,"Baravi","Western Division",445408356.903944,"Coral Coast"
"25","Fiji Hideaway Resort & Spa, Queens Rd; Sigatoka",30,"SIGATOKA/ NADROGA (Group 5)","Fiji Hideaway Resort  & Spa, Queens Rd; Sigatoka",116,344,"Baravi","Western Division",445408356.903944,"Coral Coast"
"27","Mango Bay Resort, Tadrawai, Nadroga",32,"SIGATOKA/ NADROGA (Group 5)","Mango Bay Resort, Tadrawai, Nadroga",24,111,"Baravi","Western Division",445408356.903944,"Coral Coast"
"28","Maui Bay Holiday Villas,Lot 5,Maui Bay Estate,Coral Coast",33,"SIGATOKA/ NADROGA (Group 5)","Maui Bay Holiday Villas,Lot 5,Maui Bay Estate,Coral Coast",4,8,"Baravi","Western Division",445408356.903944,"Coral Coast"
"29","Maui Palms (Fiji) Ltd, Lot 15 Maui Bay Estate",34,"SIGATOKA/ NADROGA (Group 5)","Maui Palms (Fiji) Ltd, Lot 15 Maui Bay Estate",11,30,"Baravi","Western Division",445408356.903944,"Coral Coast"
"32","Outrigger Fiji Beach Resort,Queens Rd; Korotogo Sigatoka",38,"SIGATOKA/ NADROGA (Group 5)","Outrigger  Fiji  Beach Resort,Queens Rd; Korotogo Sigatoka",252,678,"Baravi","Western Division",445408356.903944,"Coral Coast"
"34","Sandy Point Beach Cottages, Korotogo",40,"SIGATOKA/ NADROGA (Group 5)","Sandy Point Beach Cottages, Korotogo",5,22,"Baravi","Western Division",445408356.903944,"Coral Coast"
"36","Tambua Sands Beach Resort, Namada, Sgtka",43,"SIGATOKA/ NADROGA (Group 5)","Tambua Sands Beach Resort, Namada, Sgtka",25,91,"Baravi","Western Division",445408356.903944,"Coral Coast"
"37","The Beachouse, Korolevu, Nadroga",44,"SIGATOKA/ NADROGA (Group 5)","The Beachouse, Korolevu, Nadroga",23,90,"Baravi","Western Division",445408356.903944,"Coral Coast"
"38","The Crow’s Nest Resort, Korotogo",45,"SIGATOKA/ NADROGA (Group 5)","The Crow’s Nest Resort, Korotogo",34,125,"Baravi","Western Division",445408356.903944,"Coral Coast"
"39","The Naviti Resort, Korolevu, Baravi, Nadroga",46,"SIGATOKA/ NADROGA (Group 5)","The Naviti Resort, Korolevu, Baravi, Nadroga",220,960,"Baravi","Western Division",445408356.903944,"Coral Coast"
"40","Tubakula Beach Bungalows, Nadroga",47,"SIGATOKA/ NADROGA (Group 5)","Tubakula Beach Bungalows, Nadroga",60,165,"Baravi","Western Division",445408356.903944,"Coral Coast"
"41","Warwick Fiji Resort & Spa, Korolevu, Baravi",49,"SIGATOKA/ NADROGA (Group 5)","Warwick Fiji Resort & Spa, Korolevu, Baravi",247,746,"Baravi","Western Division",445408356.903944,"Coral Coast"
"145","Tubakula Beach Bungalows",NA,NA,NA,NA,NA,"Baravi","Western Division",445408356.903944,"Coral Coast"
"146","Bedarra Beach Inn",NA,NA,NA,NA,NA,"Baravi","Western Division",445408356.903944,"Coral Coast"
"147","Delana House",NA,NA,NA,NA,NA,"Baravi","Western Division",445408356.903944,"Coral Coast"
"148","Tubakula Beach Bungalows",NA,NA,NA,NA,NA,"Baravi","Western Division",445408356.903944,"Coral Coast"
"149","BackPackers Korotogo",NA,NA,NA,NA,NA,"Baravi","Western Division",445408356.903944,"Coral Coast"
"150","Casablanca Hotel Fiji",NA,NA,NA,NA,NA,"Baravi","Western Division",445408356.903944,"Coral Coast"
"155","Shambala holiday rental villa",NA,NA,NA,NA,NA,"Baravi","Western Division",445408356.903944,"Coral Coast"
"156","The Projects Collective",NA,NA,NA,NA,NA,"Baravi","Western Division",445408356.903944,"Coral Coast"
"164","Blue West Villas",NA,NA,NA,NA,NA,"Baravi","Western Division",445408356.903944,"Coral Coast"
"267","Swimming Pool",NA,NA,NA,NA,NA,"Baravi","Western Division",445408356.903944,"Coral Coast"
"127","Toberua Island Resort, opposite Kaba Point , Tailevu ,Toberua Island",147,"DEUBA / PACIFIC HARBOUR / BEQA / LAU / SUVA / NAUSORI / TAILEVU  (Group 9)","Toberua Island Resort, opposite Kaba Point , Tailevu ,Toberua Island",15,60,"Bau","Central Division",97956390.820049,"Others"
"193","Classixx Inn",NA,NA,NA,NA,NA,"Bau","Central Division",97956390.820049,"Others"
"114","Beqa Lagoon Resort, Rukua, Beqa Island",134,"DEUBA / PACIFIC HARBOUR / BEQA / LAU / SUVA / NAUSORI / TAILEVU  (Group 9)","Beqa Lagoon Resort, Rukua, Beqa Island",25,75,"Beqa","Central Division",37149900.2168582,"Others"
"118","Lalati Resort & Spa, Beqa Island",138,"DEUBA / PACIFIC HARBOUR / BEQA / LAU / SUVA / NAUSORI / TAILEVU  (Group 9)","Lalati Resort & Spa, Beqa Island",16,42,"Beqa","Central Division",37149900.2168582,"Others"
"119","Lawaki Beach House, Beqa Island",139,"DEUBA / PACIFIC HARBOUR / BEQA / LAU / SUVA / NAUSORI / TAILEVU  (Group 9)","Lawaki Beach House, Beqa Island",4,14,"Beqa","Central Division",37149900.2168582,"Others"
"4","Aroha Taveuni,Naiyalayala,Taveuni",5,"TAVEUNI/ ISLANDS OFF TAVEUNI (Group 2)","Aroha Taveuni,Naiyalayala,Taveuni",6,13,"Cakaudrove","Northern  Division",507412343.313668,"Northern Division"
"6","Dolphin Bay Divers Retreat,Matei",7,"TAVEUNI/ ISLANDS OFF TAVEUNI (Group 2)","Dolphin Bay Divers Retreat,Matei",2,4,"Cakaudrove","Northern  Division",507412343.313668,"Northern Division"
"7","Garden Island Resort, Waiyevo",8,"TAVEUNI/ ISLANDS OFF TAVEUNI (Group 2)","Garden Island Resort, Waiyevo",30,60,"Cakaudrove","Northern  Division",507412343.313668,"Northern Division"
"11","Nakia Resort & Dive Ltd, Nakia, Vatulaqa",12,"TAVEUNI/ ISLANDS OFF TAVEUNI (Group 2)","Nakia Resort & Dive Ltd,  Nakia, Vatulaqa",4,8,"Cakaudrove","Northern  Division",507412343.313668,"Northern Division"
"12","Paradise Taveuni , Navaca Settlement, Vuna",13,"TAVEUNI/ ISLANDS OFF TAVEUNI (Group 2)","Paradise Taveuni , Navaca Settlement, Vuna",16,32,"Cakaudrove","Northern  Division",507412343.313668,"Northern Division"
"13","Taveuni Dive Resort, Soqulu, Taveuni",15,"TAVEUNI/ ISLANDS OFF TAVEUNI (Group 2)","Taveuni Dive Resort, Soqulu, Taveuni",8,24,"Cakaudrove","Northern  Division",507412343.313668,"Northern Division"
"16","Vatuvara Private Islands,off Yacata Island",19,"TAVEUNI/ ISLANDS OFF TAVEUNI (Group 2)","Vatuvara Private Islands,off Yacata Island",5,20,"Cakaudrove","Northern  Division",507412343.313668,"Northern Division"
"30","Myola Plantation Resort, Lot 5, Malaqereqere, Sigatoka",35,"SIGATOKA/ NADROGA (Group 5)","Myola  Plantation  Resort, Lot 5, Malaqereqere, Sigatoka",2,4,"Cuvu","Western Division",132789236.627154,"Coral Coast"
"31","Namuka Bay Resort, Naidiri,Sigatoka",36,"SIGATOKA/ NADROGA (Group 5)","Namuka Bay Resort, Naidiri,Sigatoka",10,25,"Cuvu","Western Division",132789236.627154,"Coral Coast"
"35","Shangri-La’s Fijian Resort & Spa, Yanuca Island, Cuvu",42,"SIGATOKA/ NADROGA (Group 5)","Shangri-La’s Fijian Resort & Spa, Yanuca Island, Cuvu",442,1814,"Cuvu","Western Division",132789236.627154,"Coral Coast"
"182","Yadua Bay Resort & Villas",NA,NA,NA,NA,NA,"Cuvu","Western Division",132789236.627154,"Coral Coast"
"183","Yadua Bay Resort",NA,NA,NA,NA,NA,"Cuvu","Western Division",132789236.627154,"Coral Coast"
"171","Galaxy Hotel & Apartments",NA,NA,NA,NA,NA,"Labasa","Northern  Division",682378410.291435,"Northern Division"
"184","Grand Eastern Hotel",NA,NA,NA,NA,NA,"Labasa","Northern  Division",682378410.291435,"Northern Division"
"3","Wakaya Club, Nukuciri, Wakaya Is; Lomaiviti",4,"LEVUKA/ ISLANDS OFF LEVUKA (Group 1)","Wakaya Club, Nukuciri, Wakaya Is; Lomaiviti",14,28,"LomaiOther","Eastern Division",14101239.1083973,"Others"
"22","Nukubati Island Resort, Nukubati Is; Macuata",27,"LABASA/ ISLANDS OFF LABASA (Group 4 )","Nukubati Island Resort, Nukubati Is; Macuata",7,14,"Macuata","Northern  Division",620673799.624371,"Northern Division"
"63","Castaway Island Fiji, Qalito Island",75,"MAMANUCA IS/LAUTOKA / YASAWA/ISLANDS OFF LAUTOKA (Group 7)","Castaway Island Fiji, Qalito Island",64,258,"Malolo","Western Division",18229366.0573397,"Mamanuca"
"67","Funcky Fish Beach Resort, Malolo Island; Mamanuca",79,"MAMANUCA IS/LAUTOKA / YASAWA/ISLANDS OFF LAUTOKA (Group 7)","Funcky Fish Beach Resort, Malolo Island; Mamanuca",19,55,"Malolo","Western Division",18229366.0573397,"Mamanuca"
"72","Lomani Island Resort, Malolo Lailai Island; Mamanuca",84,"MAMANUCA IS/LAUTOKA / YASAWA/ISLANDS OFF LAUTOKA (Group 7)","Lomani Island Resort, Malolo Lailai Island; Mamanuca",24,58,"Malolo","Western Division",18229366.0573397,"Mamanuca"
"73","Malolo Island Resort, Malololailai Is, Mamanuca",86,"MAMANUCA IS/LAUTOKA / YASAWA/ISLANDS OFF LAUTOKA (Group 7)","Malolo Island Resort, Malololailai Is, Mamanuca",46,192,"Malolo","Western Division",18229366.0573397,"Mamanuca"
"74","Musket Cove Island Resort, Malololailai Is;",92,"MAMANUCA IS/LAUTOKA / YASAWA/ISLANDS OFF LAUTOKA (Group 7)","Musket Cove Island Resort, Malololailai Is;",55,212,"Malolo","Western Division",18229366.0573397,"Mamanuca"
"76","Mana Island Resort (Fiji) Ltd, Mana Is; Mamanuca",89,"MAMANUCA IS/LAUTOKA / YASAWA/ISLANDS OFF LAUTOKA (Group 7)","Mana Island Resort (Fiji) Ltd, Mana Is; Mamanuca",152,723,"Malolo","Western Division",18229366.0573397,"Mamanuca"
"78","Matamanoa Island Resort,Mamanuca",91,"MAMANUCA IS/LAUTOKA / YASAWA/ISLANDS OFF LAUTOKA (Group 7)","Matamanoa Island Resort,Mamanuca",46,125,"Malolo","Western Division",18229366.0573397,"Mamanuca"
"84","Navini Island Resort, Navini Island, Mamanuca",98,"MAMANUCA IS/LAUTOKA / YASAWA/ISLANDS OFF LAUTOKA (Group 7)","Navini Island Resort, Navini Island, Mamanuca",10,30,"Malolo","Western Division",18229366.0573397,"Mamanuca"
"89","Plantation Island Resort, Malololailai Is; Mamanuca",103,"MAMANUCA IS/LAUTOKA / YASAWA/ISLANDS OFF LAUTOKA (Group 7)","Plantation Island Resort, Malololailai Is; Mamanuca",165,925,"Malolo","Western Division",18229366.0573397,"Mamanuca"
"92","Sheraton Tokoriki Resort & Spa, Tokoriki Island, Mamanuca",106,"MAMANUCA IS/LAUTOKA / YASAWA/ISLANDS OFF LAUTOKA (Group 7)","Sheraton Tokoriki Resort & Spa, Tokoriki Island, Mamanuca",108,210,"Malolo","Western Division",18229366.0573397,"Mamanuca"
"94","Tavarua Island Resort, Tavarua Island",109,"MAMANUCA IS/LAUTOKA / YASAWA/ISLANDS OFF LAUTOKA (Group 7)","Tavarua Island Resort, Tavarua Island",18,90,"Malolo","Western Division",18229366.0573397,"Mamanuca"
"97","Tropica Island Resort, Malolo Island",114,"MAMANUCA IS/LAUTOKA / YASAWA/ISLANDS OFF LAUTOKA (Group 7)","Tropica Island Resort, Malolo Island",30,110,"Malolo","Western Division",18229366.0573397,"Mamanuca"
"99","Vision Tadrai Island Resort,Mana Island,Mamanuca",116,"MAMANUCA IS/LAUTOKA / YASAWA/ISLANDS OFF LAUTOKA (Group 7)","Vision Tadrai Island Resort,Mana Island,Mamanuca",5,10,"Malolo","Western Division",18229366.0573397,"Mamanuca"
"101","Wadigi Island Villa, Wadigi Is; Malolo",119,"MAMANUCA IS/LAUTOKA / YASAWA/ISLANDS OFF LAUTOKA (Group 7)","Wadigi Island Villa, Wadigi Is; Malolo",3,6,"Malolo","Western Division",18229366.0573397,"Mamanuca"
"139","Tokoriki Island Resort, Mamanuca",112,"MAMANUCA IS/LAUTOKA / YASAWA/ISLANDS OFF LAUTOKA (Group 7)","Tokoriki Island Resort, Mamanuca",36,98,"Malolo","Western Division",18229366.0573397,"Mamanuca"
"170","Six Senses Fiji",NA,NA,NA,NA,NA,"Malolo","Western Division",18229366.0573397,"Mamanuca"
"190","Tokoriki",NA,NA,NA,NA,NA,"Malolo","Western Division",18229366.0573397,"Mamanuca"
"220","Funky Fish Beach Resort",NA,NA,NA,NA,NA,"Malolo","Western Division",18229366.0573397,"Mamanuca"
"26","Intercontinental Fiji Golf Resort & Spa, Natadola Beach",31,"SIGATOKA/ NADROGA (Group 5)","Intercontinental Fiji Golf Resort & Spa, Natadola Beach",290,921,"Malomalo","Western Division",342009854.293461,"Coral Coast"
"33","Robinson Crusoe Island Resort, Likuri Island",39,"SIGATOKA/ NADROGA (Group 5)","Robinson Crusoe Island Resort, Likuri Island",15,75,"Malomalo","Western Division",342009854.293461,"Coral Coast"
"42","Yatule Beach Resort,Natadola",50,"SIGATOKA/ NADROGA (Group 5)","Yatule Beach Resort,Natadola",36,80,"Malomalo","Western Division",342009854.293461,"Coral Coast"
"51","Rendezvous Beach Resort, Uciwai, Nadi",61,"NADI/ ISLANDS OFF NADI (Group 6)","Rendezvous Beach Resort, Uciwai, Nadi",18,42,"Malomalo","Western Division",342009854.293461,"Coral Coast"
"158","Rendezvous Surf Camp Fiji",NA,NA,NA,NA,NA,"Malomalo","Western Division",342009854.293461,"Coral Coast"
"43","Aquarius on The Beach, 17 Wasawasa Rd, Newtown,Nadi",51,"NADI/ ISLANDS OFF NADI (Group 6)","Aquarius on The Beach, 17 Wasawasa Rd, Newtown,Nadi",15,38,"Nadi","Western Division",158654020.323652,"Nadi"
"44","BambooTropic Resort, 11 Wasawasa Rd; Newtown Beach, Nadi",52,"NADI/ ISLANDS OFF NADI (Group 6)","BambooTropic Resort, 11 Wasawasa Rd; Newtown Beach, Nadi",18,80,"Nadi","Western Division",158654020.323652,"Nadi"
"45","Bayview Cove (Health Resort),Lot 4, DP 9503,Sonaisali Road,Nacovi, Nadi",53,"NADI/ ISLANDS OFF NADI (Group 6)","Bayview Cove  (Health  Resort),Lot 4, DP 9503,Sonaisali Road,Nacovi, Nadi",40,80,"Nadi","Western Division",158654020.323652,"Nadi"
"46","Club Fiji Limited, Wailoaloa Beach, Nadi Bay",54,"NADI/ ISLANDS OFF NADI (Group 6)","Club Fiji Limited, Wailoaloa Beach, Nadi Bay",26,81,"Nadi","Western Division",158654020.323652,"Nadi"
"47","Double Tree Resort,Sonaisali Island",55,"NADI/ ISLANDS OFF NADI (Group 6)","Double Tree Resort,Sonaisali Island",120,350,"Nadi","Western Division",158654020.323652,"Nadi"
"48","Hilton Fiji Beach Resort & Spa, Denarau Island,Nadi",57,"NADI/ ISLANDS OFF NADI (Group 6)","Hilton  Fiji Beach Resort & Spa, Denarau Island,Nadi",273,660,"Nadi","Western Division",158654020.323652,"Nadi"
"50","Radisson Blu Resort Fiji, Denarau Island, Nadi",60,"NADI/ ISLANDS OFF NADI (Group 6)","Radisson  Blu Resort Fiji, Denarau Island, Nadi",270,540,"Nadi","Western Division",158654020.323652,"Nadi"
"52","Sheraton Denarau Villas, Denarau Island, Nadi",62,"NADI/ ISLANDS OFF NADI (Group 6)","Sheraton Denarau Villas, Denarau Island, Nadi",82,720,"Nadi","Western Division",158654020.323652,"Nadi"
"53","Smugglers Cove Beach Resort, Lot 13, Wasawasa Rd, Newtown, Nadi",64,"NADI/ ISLANDS OFF NADI (Group 6)","Smugglers Cove Beach Resort, Lot 13, Wasawasa Rd, Newtown, Nadi",46,140,"Nadi","Western Division",158654020.323652,"Nadi"
"54","Sofitel Fiji Resort & Spa, Denarau Island, Nadi",65,"NADI/ ISLANDS OFF NADI (Group 6)","Sofitel Fiji Resort & Spa, Denarau Island, Nadi",296,1002,"Nadi","Western Division",158654020.323652,"Nadi"
"55","The Westin Denarau Island Resort & Spa, Denarau Is; Nadi",66,"NADI/ ISLANDS OFF NADI (Group 6)","The Westin Denarau Island Resort & Spa, Denarau Is; Nadi",243,800,"Nadi","Western Division",158654020.323652,"Nadi"
"56","Tokatoka Resort Hotel, corner Queens Highway & Legalega Road, Nadi",67,"NADI/ ISLANDS OFF NADI (Group 6)","Tokatoka Resort Hotel, corner Queens Highway & Legalega Road, Nadi",108,346,"Nadi","Western Division",158654020.323652,"Nadi"
"143","Basilico Italian Restaurant at Radisson Blu Resort, Fiji",NA,NA,NA,NA,NA,"Nadi","Western Division",158654020.323652,"Nadi"
"151","Ramada Suites By Wyndham Wailoaloa Beach Fiji",NA,NA,NA,NA,NA,"Nadi","Western Division",158654020.323652,"Nadi"
"152","Nadi Bay Resort Hotel",NA,NA,NA,NA,NA,"Nadi","Western Division",158654020.323652,"Nadi"
"154","Ocean Studio Fiji",NA,NA,NA,NA,NA,"Nadi","Western Division",158654020.323652,"Nadi"
"161","Bamboo Travellers",NA,NA,NA,NA,NA,"Nadi","Western Division",158654020.323652,"Nadi"
"162","Bluewater Lodge",NA,NA,NA,NA,NA,"Nadi","Western Division",158654020.323652,"Nadi"
"163","The Terrace Apartments",NA,NA,NA,NA,NA,"Nadi","Western Division",158654020.323652,"Nadi"
"167","Naisoso Villas Resort",NA,NA,NA,NA,NA,"Nadi","Western Division",158654020.323652,"Nadi"
"168","Hibiscus Tabua Villa",NA,NA,NA,NA,NA,"Nadi","Western Division",158654020.323652,"Nadi"
"172","Nadi Beach Apartments",NA,NA,NA,NA,NA,"Nadi","Western Division",158654020.323652,"Nadi"
"173","New Town Beach Motel",NA,NA,NA,NA,NA,"Nadi","Western Division",158654020.323652,"Nadi"
"174","Vivek Apartments",NA,NA,NA,NA,NA,"Nadi","Western Division",158654020.323652,"Nadi"
"175","Sheraton Fiji Resort",NA,NA,NA,NA,NA,"Nadi","Western Division",158654020.323652,"Nadi"
"177","Novotel Nadi",NA,NA,NA,NA,NA,"Nadi","Western Division",158654020.323652,"Nadi"
"188","Musket Cove Island Resort & Marina",NA,NA,NA,NA,NA,"Nadi","Western Division",158654020.323652,"Nadi"
"189","Tanoa International Hotel",NA,NA,NA,NA,NA,"Nadi","Western Division",158654020.323652,"Nadi"
"195","The Terrace Apartments",NA,NA,NA,NA,NA,"Nadi","Western Division",158654020.323652,"Nadi"
"197","Horizon Beach Resort",NA,NA,NA,NA,NA,"Nadi","Western Division",158654020.323652,"Nadi"
"198","Horizon Backpackers & Travel Centre",NA,NA,NA,NA,NA,"Nadi","Western Division",158654020.323652,"Nadi"
"199","Beach Escape Resort",NA,NA,NA,NA,NA,"Nadi","Western Division",158654020.323652,"Nadi"
"200","Travellers Beach Resort",NA,NA,NA,NA,NA,"Nadi","Western Division",158654020.323652,"Nadi"
"222","Ratsun Nadi Airport Apartment Hotel",NA,NA,NA,NA,NA,"Nadi","Western Division",158654020.323652,"Nadi"
"223","Ambitious Apartments",NA,NA,NA,NA,NA,"Nadi","Western Division",158654020.323652,"Nadi"
"224","Hotel Paradise",NA,NA,NA,NA,NA,"Nadi","Western Division",158654020.323652,"Nadi"
"225","Greystone Apartments",NA,NA,NA,NA,NA,"Nadi","Western Division",158654020.323652,"Nadi"
"226","Grand Melanesian Hotel",NA,NA,NA,NA,NA,"Nadi","Western Division",158654020.323652,"Nadi"
"227","Tanoa Skylodge",NA,NA,NA,NA,NA,"Nadi","Western Division",158654020.323652,"Nadi"
"228","Hibiscus Residences",NA,NA,NA,NA,NA,"Nadi","Western Division",158654020.323652,"Nadi"
"229","Kaiviti Homestay",NA,NA,NA,NA,NA,"Nadi","Western Division",158654020.323652,"Nadi"
"230","Central Sunview Hotel",NA,NA,NA,NA,NA,"Nadi","Western Division",158654020.323652,"Nadi"
"231","Hotel Oasis",NA,NA,NA,NA,NA,"Nadi","Western Division",158654020.323652,"Nadi"
"232","Hexagon International Hotel, Villas & Spa",NA,NA,NA,NA,NA,"Nadi","Western Division",158654020.323652,"Nadi"
"233","Nalagi Hotel",NA,NA,NA,NA,NA,"Nadi","Western Division",158654020.323652,"Nadi"
"234","Hibiscus Apartments Fiji",NA,NA,NA,NA,NA,"Nadi","Western Division",158654020.323652,"Nadi"
"235","Edupia Homestay",NA,NA,NA,NA,NA,"Nadi","Western Division",158654020.323652,"Nadi"
"236","Victoria Hotel Fiji",NA,NA,NA,NA,NA,"Nadi","Western Division",158654020.323652,"Nadi"
"237","Hans Travel Inn",NA,NA,NA,NA,NA,"Nadi","Western Division",158654020.323652,"Nadi"
"238","Parkview apartments",NA,NA,NA,NA,NA,"Nadi","Western Division",158654020.323652,"Nadi"
"239","JFK Hotel",NA,NA,NA,NA,NA,"Nadi","Western Division",158654020.323652,"Nadi"
"240","Capricorn Hotel Fiji",NA,NA,NA,NA,NA,"Nadi","Western Division",158654020.323652,"Nadi"
"241","J & J",NA,NA,NA,NA,NA,"Nadi","Western Division",158654020.323652,"Nadi"
"242","JAMILA ROAD",NA,NA,NA,NA,NA,"Nadi","Western Division",158654020.323652,"Nadi"
"243","Wailoaloa Beach Resort",NA,NA,NA,NA,NA,"Nadi","Western Division",158654020.323652,"Nadi"
"244","Club Fiji",NA,NA,NA,NA,NA,"Nadi","Western Division",158654020.323652,"Nadi"
"245","Oasis Palms Hotel",NA,NA,NA,NA,NA,"Nadi","Western Division",158654020.323652,"Nadi"
"246","Wailoaloa Seascape Hotel Pte",NA,NA,NA,NA,NA,"Nadi","Western Division",158654020.323652,"Nadi"
"247","Grand West Villas",NA,NA,NA,NA,NA,"Nadi","Western Division",158654020.323652,"Nadi"
"248","Princess Hotel's &Resort's",NA,NA,NA,NA,NA,"Nadi","Western Division",158654020.323652,"Nadi"
"249","The Gardenia",NA,NA,NA,NA,NA,"Nadi","Western Division",158654020.323652,"Nadi"
"250","Fiji Fantasy Hotel",NA,NA,NA,NA,NA,"Nadi","Western Division",158654020.323652,"Nadi"
"252","Fiji Gateway",NA,NA,NA,NA,NA,"Nadi","Western Division",158654020.323652,"Nadi"
"253","Trans International Hotel",NA,NA,NA,NA,NA,"Nadi","Western Division",158654020.323652,"Nadi"
"254","Nadi Airport Transit Hotel",NA,NA,NA,NA,NA,"Nadi","Western Division",158654020.323652,"Nadi"
"255","Westfield Homestay Fiji",NA,NA,NA,NA,NA,"Nadi","Western Division",158654020.323652,"Nadi"
"256","James 1-5 Homestay",NA,NA,NA,NA,NA,"Nadi","Western Division",158654020.323652,"Nadi"
"257","Island Accomodation Nadi",NA,NA,NA,NA,NA,"Nadi","Western Division",158654020.323652,"Nadi"
"258","Nadi airport Apartments",NA,NA,NA,NA,NA,"Nadi","Western Division",158654020.323652,"Nadi"
"185","Colo-I-Suva Forest Park",NA,NA,NA,NA,NA,"Naitasiri","Central Division",252590332.133044,"Others"
"135","Tiliva Resort, Onekaro, Nakasaleka, Kadavu",157,"KADAVU ISLANDS (Group 10)","Tiliva Resort, Onekaro, Nakasaleka, Kadavu",6,16,"Nakasaleka","Eastern Division",120032348.618798,"Others"
"221","Kokomo Private Island Resort",NA,NA,NA,NA,NA,"Nakasaleka","Eastern Division",120032348.618798,"Others"
"17","Daku Resort, Lesiaceva Road",20,"SAVUSAVU/ ISLANDS OFF SAVUSAVU (Group 3)","Daku Resort, Lesiaceva Road",36,54,"Nasavusavu","Northern  Division",295202996.252798,"Northern Division"
"18","Jean-Michel Cousteau Fiji Island Resort,Lesiaceva Point Road",22,"SAVUSAVU/ ISLANDS OFF SAVUSAVU (Group 3)","Jean-Michel Cousteau Fiji Island Resort,Lesiaceva Point Road",25,100,"Nasavusavu","Northern  Division",295202996.252798,"Northern Division"
"19","Koro Sun Resort & Rainforest Spa, Hibiscus Highway ",23,"SAVUSAVU/ ISLANDS OFF SAVUSAVU (Group 3)","Koro Sun Resort & Rainforest Spa,  Hibiscus Highway ",42,171,"Nasavusavu","Northern  Division",295202996.252798,"Northern Division"
"20","Namale The Fiji Islands Resort & Spa",25,"SAVUSAVU/ ISLANDS OFF SAVUSAVU (Group 3)","Namale The Fiji Islands Resort & Spa",54,126,"Nasavusavu","Northern  Division",295202996.252798,"Northern Division"
"178","Bay View Barbers Lodge",NA,NA,NA,NA,NA,"Nasavusavu","Northern  Division",295202996.252798,"Northern Division"
"179","Savusavu Hot Springs Hotel",NA,NA,NA,NA,NA,"Nasavusavu","Northern  Division",295202996.252798,"Northern Division"
"180","Savusavu Heights Villas",NA,NA,NA,NA,NA,"Nasavusavu","Northern  Division",295202996.252798,"Northern Division"
"186","Koro sun resort",NA,NA,NA,NA,NA,"Nasavusavu","Northern  Division",295202996.252798,"Northern Division"
"191","Savasi Island Resort",NA,NA,NA,NA,NA,"Nasavusavu","Northern  Division",295202996.252798,"Northern Division"
"192","Naveria Heights Lodge",NA,NA,NA,NA,NA,"Nasavusavu","Northern  Division",295202996.252798,"Northern Division"
"201","Korovesi Sunshine Villas",NA,NA,NA,NA,NA,"Nasavusavu","Northern  Division",295202996.252798,"Northern Division"
"203","Maravu Paradise Villa",NA,NA,NA,NA,NA,"Nasavusavu","Northern  Division",295202996.252798,"Northern Division"
"58","Barefoot Island Lodge, Naviti, Yasawa",69,"MAMANUCA IS/LAUTOKA / YASAWA/ISLANDS OFF LAUTOKA (Group 7)","Barefoot Island Lodge, Naviti, Yasawa",22,57,"Naviti","Western Division",63318132.5222827,"Others"
"61","Botaira Beach Resort, Vuata Bay, Naviti Is; Yasawa",73,"MAMANUCA IS/LAUTOKA / YASAWA/ISLANDS OFF LAUTOKA (Group 7)","Botaira Beach Resort, Vuata Bay, Naviti Is; Yasawa",13,83,"Naviti","Western Division",63318132.5222827,"Others"
"69","Korovou Eco Tour Resort, Kese, Naviti Is; Yasawa",81,"MAMANUCA IS/LAUTOKA / YASAWA/ISLANDS OFF LAUTOKA (Group 7)","Korovou Eco Tour Resort, Kese, Naviti Is; Yasawa",13,73,"Naviti","Western Division",63318132.5222827,"Others"
"87","Octopus Resort, Likuliku Bay, Yasawa",101,"MAMANUCA IS/LAUTOKA / YASAWA/ISLANDS OFF LAUTOKA (Group 7)","Octopus Resort, Likuliku Bay, Yasawa",32,115,"Naviti","Western Division",63318132.5222827,"Others"
"100","Viwa Island Resort,Lot 6,Namawala,Viwa Island,Yasawa",117,"MAMANUCA IS/LAUTOKA / YASAWA/ISLANDS OFF LAUTOKA (Group 7)","Viwa Island Resort,Lot 6,Namawala,Viwa Island,Yasawa",11,28,"Naviti","Western Division",63318132.5222827,"Others"
"103","White Sandy Beach Dive Resort, Naviti Is; Yasawa",121,"MAMANUCA IS/LAUTOKA / YASAWA/ISLANDS OFF LAUTOKA (Group 7)","White Sandy Beach Dive Resort, Naviti Is; Yasawa",8,40,"Naviti","Western Division",63318132.5222827,"Others"
"122","Nanuku Resort & Spa, 11 Nanuku Drive, Queens Highway, Taunovo, Deuba",142,"DEUBA / PACIFIC HARBOUR / BEQA / LAU / SUVA / NAUSORI / TAILEVU  (Group 9)","Nanuku Resort & Spa, 11 Nanuku Drive, Queens Highway, Taunovo, Deuba",28,60,"Nuku","Central Division",315796867.876804,"Others"
"120","Leleuvia Island Resort, Moturiki, Bau",140,"DEUBA / PACIFIC HARBOUR / BEQA / LAU / SUVA / NAUSORI / TAILEVU  (Group 9)","Leleuvia Island Resort, Moturiki, Bau",21,100,"Ovalau","Eastern Division",114581324.431349,"Others"
"105","Betham’s Beach Cottages, Nananu-I-Ra",123,"BA/TAVUA/ RAKIRAKI/ISLANDS OFF RAKIRAKI  (Group 8)","Betham’s Beach Cottages, Nananu-I-Ra",8,38,"Rakiraki","Western Division",300476534.22995,"Others"
"107","Dolphin Island Hideaway Resort, Yanuca Is; Nananu-I-Ra",126,"BA/TAVUA/ RAKIRAKI/ISLANDS OFF RAKIRAKI  (Group 8)","Dolphin Island Hideaway Resort, Yanuca Is; Nananu-I-Ra",4,8,"Rakiraki","Western Division",300476534.22995,"Others"
"108","Dreamview Villas,Volivoli ,Ra",127,"BA/TAVUA/ RAKIRAKI/ISLANDS OFF RAKIRAKI  (Group 8)","Dreamview Villas,Volivoli ,Ra",19,40,"Rakiraki","Western Division",300476534.22995,"Others"
"109","Golden Point Resort, Nacilau Point, Rakiraki",128,"BA/TAVUA/ RAKIRAKI/ISLANDS OFF RAKIRAKI  (Group 8)","Golden Point  Resort, Nacilau Point, Rakiraki",21,64,"Rakiraki","Western Division",300476534.22995,"Others"
"112","Volivoli Beach, Rakiraki",132,"BA/TAVUA/ RAKIRAKI/ISLANDS OFF RAKIRAKI  (Group 8)","Volivoli Beach, Rakiraki",32,100,"Rakiraki","Western Division",300476534.22995,"Others"
"113","Wananavu Beach Resort, Volivoli Rd;",133,"BA/TAVUA/ RAKIRAKI/ISLANDS OFF RAKIRAKI  (Group 8)","Wananavu Beach Resort, Volivoli Rd;",35,80,"Rakiraki","Western Division",300476534.22995,"Others"
"141","MacDonald’s Nananu Beach Cottages, Rakiraki",129,"BA/TAVUA/ RAKIRAKI/ISLANDS OFF RAKIRAKI  (Group 8)","MacDonald’s Nananu Beach Cottages, Rakiraki",7,35,"Rakiraki","Western Division",300476534.22995,"Others"
"165","Dreamview Villas",NA,NA,NA,NA,NA,"Rakiraki","Western Division",300476534.22995,"Others"
"194","Tanoa Rakiraki Hotel",NA,NA,NA,NA,NA,"Rakiraki","Western Division",300476534.22995,"Others"
"218","DuaDua Beach Resort",NA,NA,NA,NA,NA,"Rakiraki","Western Division",300476534.22995,"Others"
"268","Bularangi Villa",NA,NA,NA,NA,NA,"Rakiraki","Western Division",300476534.22995,"Others"
"269","Starfish Blue",NA,NA,NA,NA,NA,"Rakiraki","Western Division",300476534.22995,"Others"
"270","Sunset Point Volivoli",NA,NA,NA,NA,NA,"Rakiraki","Western Division",300476534.22995,"Others"
"271","No Worries Bay (Sega Na Leqa)",NA,NA,NA,NA,NA,"Rakiraki","Western Division",300476534.22995,"Others"
"121","Naigani Island Resort, Off Verata, Tailevu",141,"DEUBA / PACIFIC HARBOUR / BEQA / LAU / SUVA / NAUSORI / TAILEVU  (Group 9)","Naigani Island Resort, Off Verata, Tailevu",17,70,"Sawakasa","Central Division",276699366.565133,"Others"
"124","Takalana Bay Resort, Dawasamu, Tailevu",144,"DEUBA / PACIFIC HARBOUR / BEQA / LAU / SUVA / NAUSORI / TAILEVU  (Group 9)","Takalana Bay Resort, Dawasamu, Tailevu",2,10,"Sawakasa","Central Division",276699366.565133,"Others"
"115","Crusoe’s Retreat, Namaqumaqua, Serua",135,"DEUBA / PACIFIC HARBOUR / BEQA / LAU / SUVA / NAUSORI / TAILEVU  (Group 9)","Crusoe’s Retreat, Namaqumaqua, Serua",28,60,"Serua","Central Division",475780602.220765,"Others"
"116","Fiji Palms Beach Club & Resort, P/Harbour, Deuba",136,"DEUBA / PACIFIC HARBOUR / BEQA / LAU / SUVA / NAUSORI / TAILEVU  (Group 9)","Fiji Palms Beach Club & Resort, P/Harbour, Deuba",96,192,"Serua","Central Division",475780602.220765,"Others"
"117","Lagoon Resort, Fairway Place, P/Harbour",137,"DEUBA / PACIFIC HARBOUR / BEQA / LAU / SUVA / NAUSORI / TAILEVU  (Group 9)","Lagoon  Resort, Fairway Place, P/Harbour",23,55,"Serua","Central Division",475780602.220765,"Others"
"125","The Pearl South Pacific, Queens Rd; P/Harbour, Deuba",145,"DEUBA / PACIFIC HARBOUR / BEQA / LAU / SUVA / NAUSORI / TAILEVU  (Group 9)","The Pearl South Pacific, Queens Rd; P/Harbour, Deuba",210,564,"Serua","Central Division",475780602.220765,"Others"
"126","The Uprising Beach Resort, P/Harbour, Deuba",146,"DEUBA / PACIFIC HARBOUR / BEQA / LAU / SUVA / NAUSORI / TAILEVU  (Group 9)","The Uprising Beach Resort, P/Harbour, Deuba",20,62,"Serua","Central Division",475780602.220765,"Others"
"129","Wellesley Resort, Namaqumaqua, Serua",149,"DEUBA / PACIFIC HARBOUR / BEQA / LAU / SUVA / NAUSORI / TAILEVU  (Group 9)","Wellesley Resort, Namaqumaqua, Serua",14,28,"Serua","Central Division",475780602.220765,"Others"
"169","Fiji Palms, Resort",NA,NA,NA,NA,NA,"Serua","Central Division",475780602.220765,"Others"
"159","Colonial Lodge",NA,NA,NA,NA,NA,"Suva","Central Division",175274365.368736,"Suva"
"176","Holiday Inn Suva",NA,NA,NA,NA,NA,"Suva","Central Division",175274365.368736,"Suva"
"204","Grand Pacific Hotel",NA,NA,NA,NA,NA,"Suva","Central Division",175274365.368736,"Suva"
"205","Suva Motor Inn",NA,NA,NA,NA,NA,"Suva","Central Division",175274365.368736,"Suva"
"206","The Williamson House",NA,NA,NA,NA,NA,"Suva","Central Division",175274365.368736,"Suva"
"207","Travel in Cathay hotel",NA,NA,NA,NA,NA,"Suva","Central Division",175274365.368736,"Suva"
"208","Pisces Hostel",NA,NA,NA,NA,NA,"Suva","Central Division",175274365.368736,"Suva"
"209","Tanoa Plaza Hotel",NA,NA,NA,NA,NA,"Suva","Central Division",175274365.368736,"Suva"
"210","Elixir Hotel & Serviced Apartments",NA,NA,NA,NA,NA,"Suva","Central Division",175274365.368736,"Suva"
"211","Southern Cross Hotel",NA,NA,NA,NA,NA,"Suva","Central Division",175274365.368736,"Suva"
"212","Townhouse Apartment Hotel Suva",NA,NA,NA,NA,NA,"Suva","Central Division",175274365.368736,"Suva"
"213","South Seas Private Hostel",NA,NA,NA,NA,NA,"Suva","Central Division",175274365.368736,"Suva"
"214","Peninsula International Hotel Suva",NA,NA,NA,NA,NA,"Suva","Central Division",175274365.368736,"Suva"
"215","Suva Apartments, Fiji Olympic House",NA,NA,NA,NA,NA,"Suva","Central Division",175274365.368736,"Suva"
"216","Victoria Palms Hotel",NA,NA,NA,NA,NA,"Suva","Central Division",175274365.368736,"Suva"
"217","PEACE Apartment Hotel",NA,NA,NA,NA,NA,"Suva","Central Division",175274365.368736,"Suva"
"219","Novotel Suva Lami Bay",NA,NA,NA,NA,NA,"Suva","Central Division",175274365.368736,"Suva"
"106","Bulou’s Eco Lodge, Navala Village,Ba",124,"BA/TAVUA/ RAKIRAKI/ISLANDS OFF RAKIRAKI  (Group 8)","Bulou’s Eco Lodge, Navala Village,Ba",3,18,"Tavua","Western Division",708752732.466707,"Others"
"111","Vatia Beach Resort,Vatia Beach,Tavua",131,"BA/TAVUA/ RAKIRAKI/ISLANDS OFF RAKIRAKI  (Group 8)","Vatia Beach Resort,Vatia Beach,Tavua",7,18,"Tavua","Western Division",708752732.466707,"Others"
"131","Matana Beach Resort, Navuatu, Sanima",152,"KADAVU ISLANDS (Group 10)","Matana Beach Resort, Navuatu, Sanima",12,26,"Tavuki","Eastern Division",177814681.608765,"Others"
"132","Navutovuto Accommodation, Lot 2, Biana, Vunisea",154,"KADAVU ISLANDS (Group 10)","Navutovuto Accommodation, Lot 2, Biana, Vunisea",9,13,"Tavuki","Eastern Division",177814681.608765,"Others"
"134","Papageno Eco Resort, Malawai Bay",156,"KADAVU ISLANDS (Group 10)","Papageno Eco Resort, Malawai Bay",11,38,"Tavuki","Eastern Division",177814681.608765,"Others"
"57","Anchorage Beach Resort, Vuda Pt; Lautoka",68,"MAMANUCA IS/LAUTOKA / YASAWA/ISLANDS OFF LAUTOKA (Group 7)","Anchorage Beach Resort, Vuda Pt; Lautoka",45,90,"Vuda","Western Division",393167641.383096,"Lautoka"
"66","First Landing Resort, Nalamu, Vuda, Lautoka",78,"MAMANUCA IS/LAUTOKA / YASAWA/ISLANDS OFF LAUTOKA (Group 7)","First Landing Resort, Nalamu, Vuda, Lautoka",43,110,"Vuda","Western Division",393167641.383096,"Lautoka"
"70","Kuata Island Resort, Wayalailai Is; Yasawa",82,"MAMANUCA IS/LAUTOKA / YASAWA/ISLANDS OFF LAUTOKA (Group 7)","Kuata Island Resort, Wayalailai Is; Yasawa",10,42,"Vuda","Western Division",393167641.383096,"Lautoka"
"82","Naqalia Lodge, Waya Island, Yasawa",96,"MAMANUCA IS/LAUTOKA / YASAWA/ISLANDS OFF LAUTOKA (Group 7)","Naqalia Lodge, Waya Island, Yasawa",6,25,"Vuda","Western Division",393167641.383096,"Lautoka"
"93","Tanoa Waterfront Hotel, Marine Drive, Lautoka",108,"MAMANUCA IS/LAUTOKA / YASAWA/ISLANDS OFF LAUTOKA (Group 7)","Tanoa Waterfront Hotel, Marine Drive, Lautoka",92,250,"Vuda","Western Division",393167641.383096,"Lautoka"
"96","Treasure Island Resort, Treasure Island off Vuda",113,"MAMANUCA IS/LAUTOKA / YASAWA/ISLANDS OFF LAUTOKA (Group 7)","Treasure Island Resort, Treasure Island off Vuda",68,200,"Vuda","Western Division",393167641.383096,"Lautoka"
"140","Vuda Marina Aparments,The Vuda Marina,Vuda Point,Lautoka",118,"MAMANUCA IS/LAUTOKA / YASAWA/ISLANDS OFF LAUTOKA (Group 7)","Vuda Marina Aparments,The Vuda Marina,Vuda Point,Lautoka",6,17,"Vuda","Western Division",393167641.383096,"Lautoka"
"181","Serenity Island Resort",NA,NA,NA,NA,NA,"Vuda","Western Division",393167641.383096,"Lautoka"
"202","Vomo Island, Fiji",NA,NA,NA,NA,NA,"Vuda","Western Division",393167641.383096,"Lautoka"
"251","Sapphire Bay Fiji",NA,NA,NA,NA,NA,"Vuda","Western Division",393167641.383096,"Lautoka"
"259","HOLIDAY HIRE FIJI",NA,NA,NA,NA,NA,"Vuda","Western Division",393167641.383096,"Lautoka"
"260","Montego estate",NA,NA,NA,NA,NA,"Vuda","Western Division",393167641.383096,"Lautoka"
"261","Ifran Jaan Lautoka",NA,NA,NA,NA,NA,"Vuda","Western Division",393167641.383096,"Lautoka"
"262","Hotel Diamond",NA,NA,NA,NA,NA,"Vuda","Western Division",393167641.383096,"Lautoka"
"263","27 Kula Place",NA,NA,NA,NA,NA,"Vuda","Western Division",393167641.383096,"Lautoka"
"187","Emaho Sekawa Fiji Luxury Resort",NA,NA,NA,NA,NA,"Wailevu","Northern  Division",575412287.101431,"Northern Division"
"8","Laucala Island Resort, Laucala Island",9,"TAVEUNI/ ISLANDS OFF TAVEUNI (Group 2)","Laucala Island Resort, Laucala Island",26,78,"Wainikeli","Northern  Division",185578353.222719,"Northern Division"
"10","Matagi Island Resort, Matagi Island",11,"TAVEUNI/ ISLANDS OFF TAVEUNI (Group 2)","Matagi Island Resort, Matagi Island",13,26,"Wainikeli","Northern  Division",185578353.222719,"Northern Division"
"14","Taveuni Island Resort & Spa, Matei",16,"TAVEUNI/ ISLANDS OFF TAVEUNI (Group 2)","Taveuni Island Resort & Spa, Matei",12,28,"Wainikeli","Northern  Division",185578353.222719,"Northern Division"
"15","Taveuni Palms Resort, Matei",17,"TAVEUNI/ ISLANDS OFF TAVEUNI (Group 2)","Taveuni Palms Resort, Matei",8,12,"Wainikeli","Northern  Division",185578353.222719,"Northern Division"
"136","Qamea Beach Club Resort, Qamea Is;",14,"TAVEUNI/ ISLANDS OFF TAVEUNI (Group 2)","Qamea Beach Club Resort, Qamea Is;",12,26,"Wainikeli","Northern  Division",185578353.222719,"Northern Division"
"157","Maravu Taveuni Lodge",NA,NA,NA,NA,NA,"Wainikeli","Northern  Division",185578353.222719,"Northern Division"
"166","Sea Winds Villa",NA,NA,NA,NA,NA,"Wainimala","Central Division",444346103.139234,"Others"
"60","Blue Lagoon Beach Resort, Ltd, Nacula Island, Yasawa",72,"MAMANUCA IS/LAUTOKA / YASAWA/ISLANDS OFF LAUTOKA (Group 7)","Blue Lagoon  Beach Resort, Ltd, Nacula Island, Yasawa",24,74,"Yasawa","Western Division",75359186.1740382,"Others"
"64","Coconut Beach Resort PTE Ltd, Tavewa Is; Yasawa",76,"MAMANUCA IS/LAUTOKA / YASAWA/ISLANDS OFF LAUTOKA (Group 7)","Coconut Beach Resort PTE Ltd, Tavewa Is; Yasawa",6,20,"Yasawa","Western Division",75359186.1740382,"Others"
"65","Coralview Island Resort, Tavewa Is; Yasawa",77,"MAMANUCA IS/LAUTOKA / YASAWA/ISLANDS OFF LAUTOKA (Group 7)","Coralview Island Resort, Tavewa Is; Yasawa",18,70,"Yasawa","Western Division",75359186.1740382,"Others"
"68","Goldcoast Inn, Nanuyalailai Is; Yasawa",80,"MAMANUCA IS/LAUTOKA / YASAWA/ISLANDS OFF LAUTOKA (Group 7)","Goldcoast Inn, Nanuyalailai Is; Yasawa",7,12,"Yasawa","Western Division",75359186.1740382,"Others"
"79","Nabua Lodge, Naisisili, Nacula Is; Yasawa",93,"MAMANUCA IS/LAUTOKA / YASAWA/ISLANDS OFF LAUTOKA (Group 7)","Nabua Lodge, Naisisili, Nacula Is; Yasawa",13,80,"Yasawa","Western Division",75359186.1740382,"Others"
"83","Natabe Retreat, Tavewa Island, Yasawa",97,"MAMANUCA IS/LAUTOKA / YASAWA/ISLANDS OFF LAUTOKA (Group 7)","Natabe Retreat, Tavewa Island, Yasawa",3,6,"Yasawa","Western Division",75359186.1740382,"Others"
"86","Oarsman’s Bay Lodge, Nalova Bay, Nacula Is; Yasawa",100,"MAMANUCA IS/LAUTOKA / YASAWA/ISLANDS OFF LAUTOKA (Group 7)","Oarsman’s Bay Lodge, Nalova Bay, Nacula Is; Yasawa",11,35,"Yasawa","Western Division",75359186.1740382,"Others"
"91","Safe Landing Resort, Naisisili, Nacula Island,Yasawa",105,"MAMANUCA IS/LAUTOKA / YASAWA/ISLANDS OFF LAUTOKA (Group 7)","Safe Landing Resort, Naisisili, Nacula Island,Yasawa",12,40,"Yasawa","Western Division",75359186.1740382,"Others"
"95","The Bay of Plenty, Matacawalevu, Yasawa",110,"MAMANUCA IS/LAUTOKA / YASAWA/ISLANDS OFF LAUTOKA (Group 7)","The Bay of Plenty, Matacawalevu, Yasawa",8,25,"Yasawa","Western Division",75359186.1740382,"Others"
"98","Turtle Island Resort, Nanuya-Levu, Yasawa",115,"MAMANUCA IS/LAUTOKA / YASAWA/ISLANDS OFF LAUTOKA (Group 7)","Turtle Island Resort, Nanuya-Levu, Yasawa",15,30,"Yasawa","Western Division",75359186.1740382,"Others"
"104","Yasawa Island Resort, Yasawa ",122,"MAMANUCA IS/LAUTOKA / YASAWA/ISLANDS OFF LAUTOKA (Group 7)","Yasawa Island Resort, Yasawa ",18,38,"Yasawa","Western Division",75359186.1740382,"Others"
"264","Sunrise Lagoon Homestay",NA,NA,NA,NA,NA,"Yasawa","Western Division",75359186.1740382,"Others"
"265","Vunidaka Homestay",NA,NA,NA,NA,NA,"Yasawa","Western Division",75359186.1740382,"Others"
"266","Gold Coast Inn Fiji",NA,NA,NA,NA,NA,"Yasawa","Western Division",75359186.1740382,"Others"
